Old Url,New Url,Status,Whole Tag,Suggested Links
http://www.ukwelcomes.businesslink.gov.uk/bdotg/action/detail?itemId=1083989403&type=RESOURCES&site=2000,,410,Closed,http://www.hse.gov.uk/simple-health-safety/get.htm
http://www.ukwelcomes.businesslink.gov.uk/bdotg/action/detail?itemId=1083989408&type=RESOURCES&site=2000,,410,Closed,http://www.hse.gov.uk/simple-health-safety/get.htm
http://www.ukwelcomes.businesslink.gov.uk/bdotg/action/detail?itemId=1083989412&type=RESOURCES&site=2000,,410,Closed,http://www.hse.gov.uk/simple-health-safety/get.htm
http://www.ukwelcomes.businesslink.gov.uk/bdotg/action/detail?itemId=1083989417&type=RESOURCES&site=2000,,410,Closed,http://www.hse.gov.uk/simple-health-safety/get.htm
http://www.ukwelcomes.businesslink.gov.uk/bdotg/action/detail?itemId=1083989420&type=RESOURCES&site=2000,,410,Closed,http://www.hse.gov.uk/simple-health-safety/get.htm
http://www.ukwelcomes.businesslink.gov.uk/bdotg/action/detail?itemId=1083989423&type=RESOURCES&site=2000,,410,Closed,http://www.hse.gov.uk/simple-health-safety/get.htm
http://www.ukwelcomes.businesslink.gov.uk/bdotg/action/detail?itemId=1083989426&type=RESOURCES&site=2000,,410,Closed,http://www.hse.gov.uk/simple-health-safety/get.htm
http://www.ukwelcomes.businesslink.gov.uk/bdotg/action/detail?itemId=1083989431&type=RESOURCES&site=2000,,410,Closed,http://www.hse.gov.uk/simple-health-safety/get.htm
http://www.ukwelcomes.businesslink.gov.uk/bdotg/action/detail?itemId=1083989460&type=RESOURCES&site=2000,https://www.gov.uk/uk-visa-sponsorship-employers/before-you-can-sponsor-an-employee,301,Closed,
http://www.ukwelcomes.businesslink.gov.uk/bdotg/action/detail?itemId=1083989465&type=RESOURCES&site=2000,https://www.gov.uk/uk-visa-sponsorship-employers/before-you-can-sponsor-an-employee,301,Closed,
http://www.ukwelcomes.businesslink.gov.uk/bdotg/action/detail?itemId=1083989468&type=RESOURCES&site=2000,https://www.gov.uk/uk-visa-sponsorship-employers/before-you-can-sponsor-an-employee,301,Closed,
http://www.ukwelcomes.businesslink.gov.uk/bdotg/action/detail?itemId=1083989471&type=RESOURCES&site=2000,https://www.gov.uk/uk-visa-sponsorship-employers/before-you-can-sponsor-an-employee,301,Closed,
http://www.ukwelcomes.businesslink.gov.uk/bdotg/action/detail?itemId=1083989480&type=RESOURCES&site=2000,https://www.gov.uk/uk-visa-sponsorship-employers/before-you-can-sponsor-an-employee,301,Closed,
http://www.ukwelcomes.businesslink.gov.uk/bdotg/action/detail?itemId=1083989485&type=RESOURCES&site=2000,https://www.gov.uk/uk-visa-sponsorship-employers/before-you-can-sponsor-an-employee,301,Closed,
http://www.ukwelcomes.businesslink.gov.uk/bdotg/action/detail?itemId=1083989537&type=RESOURCES&site=2000,https://www.gov.uk/check-an-employees-right-to-work-documents,301,Closed,
http://www.ukwelcomes.businesslink.gov.uk/bdotg/action/detail?itemId=1083989546&type=RESOURCES&site=2000,https://www.gov.uk/business-finance-explained,301,Closed,
http://www.ukwelcomes.businesslink.gov.uk/bdotg/action/detail?itemId=1083989557&type=RESOURCES&site=2000,https://www.gov.uk/starting-up-a-business,301,Closed,
http://www.ukwelcomes.businesslink.gov.uk/bdotg/action/detail?itemId=1083989565&type=RESOURCES&site=2000,https://www.gov.uk/starting-up-a-business,301,Closed,
http://www.ukwelcomes.businesslink.gov.uk/bdotg/action/detail?itemId=1083989570&type=RESOURCES&site=2000,,410,Closed,
http://www.ukwelcomes.businesslink.gov.uk/bdotg/action/detail?itemId=1083989578&type=RESOURCES&site=2000,https://www.gov.uk/starting-up-a-business,301,Closed,
http://www.ukwelcomes.businesslink.gov.uk/bdotg/action/detail?itemId=1083989590&type=RESOURCES&site=2000,,410,Closed,
http://www.ukwelcomes.businesslink.gov.uk/bdotg/action/detail?itemId=1083989605&type=RESOURCES&site=2000,https://www.gov.uk/starting-up-a-business,301,Closed,
http://www.ukwelcomes.businesslink.gov.uk/bdotg/action/detail?itemId=1083989614&type=RESOURCES&site=2000,,410,Closed,
http://www.ukwelcomes.businesslink.gov.uk/bdotg/action/detail?itemId=1083989620&type=RESOURCES&site=2000,https://www.gov.uk/business-finance-support-finder,301,Closed,
http://www.ukwelcomes.businesslink.gov.uk/bdotg/action/detail?itemId=1083989628&type=RESOURCES&site=2000,,410,Closed,
http://www.ukwelcomes.businesslink.gov.uk/bdotg/action/detail?itemId=1083989638&type=RESOURCES&site=2000,,410,Closed,
http://www.ukwelcomes.businesslink.gov.uk/bdotg/action/detail?itemId=1083989647&type=RESOURCES&site=2000,,410,Closed,
http://www.ukwelcomes.businesslink.gov.uk/bdotg/action/detail?itemId=1083989652&type=RESOURCES&site=2000,,410,Closed,
http://www.ukwelcomes.businesslink.gov.uk/bdotg/action/detail?itemId=1083989667&type=RESOURCES&site=2000,,410,Closed,
http://www.ukwelcomes.businesslink.gov.uk/bdotg/action/detail?itemId=1083989682&type=RESOURCES&site=2000,,410,Closed,
http://www.ukwelcomes.businesslink.gov.uk/bdotg/action/detail?itemId=1083989690&type=RESOURCES&site=2000,,410,Closed,
http://www.ukwelcomes.businesslink.gov.uk/bdotg/action/detail?itemId=1083989697&type=RESOURCES&site=2000,,410,Closed,
http://www.ukwelcomes.businesslink.gov.uk/bdotg/action/detail?itemId=1083989718&type=RESOURCES&site=2000,https://www.gov.uk/weights-measures-and-packaging-the-law,410,Closed,
http://www.ukwelcomes.businesslink.gov.uk/bdotg/action/detail?itemId=1083989726&site=2000&type=RESOURCES&site=2000,,410,Closed,
http://www.ukwelcomes.businesslink.gov.uk/bdotg/action/detail?itemId=1083989730&type=RESOURCES&site=2000,,410,Closed,
http://www.ukwelcomes.businesslink.gov.uk/bdotg/action/detail?itemId=1083989740&type=RESOURCES&site=2000,https://www.gov.uk/weights-measures-and-packaging-the-law,410,Closed,
http://www.ukwelcomes.businesslink.gov.uk/bdotg/action/detail?itemId=1083989758&type=RESOURCES&site=2000,https://www.gov.uk/weights-measures-and-packaging-the-law,410,Closed,
http://www.ukwelcomes.businesslink.gov.uk/bdotg/action/detail?itemId=1083989815&type=RESOURCES&site=2000,https://www.gov.uk/uk-welcomes-business,301,Closed,
http://www.ukwelcomes.businesslink.gov.uk/bdotg/action/detail?itemId=1083989836&type=RESOURCES&site=2000,https://www.gov.uk/uk-welcomes-business,301,Closed,
http://www.ukwelcomes.businesslink.gov.uk/bdotg/action/detail?itemId=1083989855&type=RESOURCES&site=2000,https://www.gov.uk/uk-welcomes-business,301,Closed,
http://www.ukwelcomes.businesslink.gov.uk/bdotg/action/detail?itemId=1083989867&type=RESOURCES&site=2000,,410,Closed,http://cimmarketingexpert.co.uk/
http://www.ukwelcomes.businesslink.gov.uk/bdotg/action/detail?itemId=1083989903&type=RESOURCES&site=2000,,410,Closed,
http://www.ukwelcomes.businesslink.gov.uk/bdotg/action/detail?itemId=1083989913&type=RESOURCES&site=2000,,410,Closed,
http://www.ukwelcomes.businesslink.gov.uk/bdotg/action/detail?itemId=1083989921&type=RESOURCES&site=2000,,410,Closed,
http://www.ukwelcomes.businesslink.gov.uk/bdotg/action/detail?itemId=1083989925&type=RESOURCES&site=2000,,410,Closed,
http://www.ukwelcomes.businesslink.gov.uk/bdotg/action/detail?itemId=1083989929&type=RESOURCES&site=2000,,410,Closed,
http://www.ukwelcomes.businesslink.gov.uk/bdotg/action/detail?itemId=1083989936&type=RESOURCES&site=2000,,410,Closed,
http://www.ukwelcomes.businesslink.gov.uk/bdotg/action/detail?itemId=1083989944&type=RESOURCES&site=2000,,410,Closed,
http://www.ukwelcomes.businesslink.gov.uk/bdotg/action/detail?itemId=1083989950&type=RESOURCES&site=2000,,410,Closed,
http://www.ukwelcomes.businesslink.gov.uk/bdotg/action/detail?itemId=1083989954&type=RESOURCES&site=2000,,410,Closed,
http://www.ukwelcomes.businesslink.gov.uk/bdotg/action/detail?itemId=1083989958&type=RESOURCES&site=2000,,410,Closed,
http://www.ukwelcomes.businesslink.gov.uk/bdotg/action/detail?itemId=1083989963&type=RESOURCES&site=2000,,410,Closed,http://cimmarketingexpert.co.uk/
http://www.ukwelcomes.businesslink.gov.uk/bdotg/action/detail?itemId=1083989973&type=RESOURCES&site=2000,https://www.gov.uk/register-as-an-overseas-company,301,Closed,
http://www.ukwelcomes.businesslink.gov.uk/bdotg/action/detail?itemId=1083989982&type=RESOURCES&site=2000,,410,Closed,http://cimmarketingexpert.co.uk/
http://www.ukwelcomes.businesslink.gov.uk/bdotg/action/detail?itemId=1083989993&type=RESOURCES&site=2000,,410,Closed,http://www.cips.org/en-GB/
http://www.ukwelcomes.businesslink.gov.uk/bdotg/action/detail?itemId=1083989997&type=RESOURCES&site=2000,https://www.gov.uk/register-as-an-overseas-company,301,Closed,
http://www.ukwelcomes.businesslink.gov.uk/bdotg/action/detail?itemId=1083990004&type=RESOURCES&site=2000,https://www.gov.uk/register-as-an-overseas-company,301,Closed,
http://www.ukwelcomes.businesslink.gov.uk/bdotg/action/detail?itemId=1083990007&type=RESOURCES&site=2000,,410,Closed,http://www.cips.org/en-GB/
http://www.ukwelcomes.businesslink.gov.uk/bdotg/action/detail?itemId=1083990021&type=RESOURCES&site=2000,,410,Closed,http://cimmarketingexpert.co.uk/
http://www.ukwelcomes.businesslink.gov.uk/bdotg/action/detail?itemId=1083990027&type=RESOURCES&site=2000,,410,Closed,http://cimmarketingexpert.co.uk/
http://www.ukwelcomes.businesslink.gov.uk/bdotg/action/detail?itemId=1083990033&r.l1=1083987667&r.l2=1083987763&r.l3=1083987840&r.s=sc&site=2000&type=RESOURCES&site=2000,,410,Closed,http://www.electoralcommission.org.uk/
http://www.ukwelcomes.businesslink.gov.uk/bdotg/action/detail?itemId=1083990041&r.l1=1083987667&r.l2=1083987763&r.l3=1083987840&r.s=sc&site=2000&type=RESOURCES&site=2000,,410,Closed,http://www.electoralcommission.org.uk/
http://www.ukwelcomes.businesslink.gov.uk/bdotg/action/detail?itemId=1083990045&r.l1=1083987667&r.l2=1083987763&r.l3=1083987840&r.s=sc&site=2000&type=RESOURCES&site=2000,,410,Closed,http://www.electoralcommission.org.uk/
http://www.ukwelcomes.businesslink.gov.uk/bdotg/action/detail?itemId=1083990054&type=RESOURCES&site=2000,https://www.gov.uk/competition-law-unfair-pricing-agreements,301,Closed,
http://www.ukwelcomes.businesslink.gov.uk/bdotg/action/detail?itemId=1083990071&type=RESOURCES&site=2000,https://www.gov.uk/competition-law-unfair-pricing-agreements,301,Closed,
http://www.ukwelcomes.businesslink.gov.uk/bdotg/action/detail?itemId=1083990078&type=RESOURCES&site=2000,,410,Closed,http://www.cips.org/en-GB/
http://www.ukwelcomes.businesslink.gov.uk/bdotg/action/detail?itemId=1083990087&r.l1=1083987667&r.l2=1083987763&r.l3=1083987840&r.s=sc&site=2000&type=RESOURCES&site=2000,,410,Closed,http://www.electoralcommission.org.uk/
http://www.ukwelcomes.businesslink.gov.uk/bdotg/action/detail?itemId=1083990091&r.l1=1083987667&r.l2=1083987763&r.l3=1083987840&r.s=sc&site=2000&type=RESOURCES&site=2000,,410,Closed,http://www.electoralcommission.org.uk/
http://www.ukwelcomes.businesslink.gov.uk/bdotg/action/detail?itemId=1083990097&r.l1=1083987667&r.l2=1083987763&r.l3=1083987840&r.s=sc&site=2000&type=RESOURCES&site=2000,,410,Closed,http://www.electoralcommission.org.uk/
http://www.ukwelcomes.businesslink.gov.uk/bdotg/action/detail?itemId=1083990100&r.l1=1083987667&r.l2=1083987763&r.l3=1083987840&r.s=sc&site=2000&type=RESOURCES&site=2000,,410,Closed,http://www.electoralcommission.org.uk/
http://www.ukwelcomes.businesslink.gov.uk/bdotg/action/detail?itemId=1083990257&type=RESOURCES&site=2000,https://www.gov.uk/browse/justice,301,Closed,
http://www.ukwelcomes.businesslink.gov.uk/bdotg/action/detail?itemId=1083990260&type=RESOURCES&site=2000,https://www.gov.uk/browse/justice,301,Closed,
http://www.ukwelcomes.businesslink.gov.uk/bdotg/action/detail?itemId=1083990267&type=RESOURCES&site=2000,https://www.gov.uk/browse/justice,301,Closed,
http://www.ukwelcomes.businesslink.gov.uk/bdotg/action/detail?itemId=1083990289&type=RESOURCES&site=2000,https://www.gov.uk/browse/justice,301,Closed,
http://www.ukwelcomes.businesslink.gov.uk/bdotg/action/detail?itemId=1083990292&type=RESOURCES&site=2000,https://www.gov.uk/browse/justice,301,Closed,
http://www.ukwelcomes.businesslink.gov.uk/bdotg/action/detail?itemId=1083990298&type=RESOURCES&site=2000,https://www.gov.uk/browse/justice,301,Closed,
http://www.ukwelcomes.businesslink.gov.uk/bdotg/action/detail?itemId=1083990306&type=RESOURCES&site=2000,https://www.gov.uk/browse/justice,301,Closed,
http://www.ukwelcomes.businesslink.gov.uk/bdotg/action/detail?itemId=1083990320&r.l1=1083987665&r.l2=1083987775&r.l3=1083987859&r.s=sc&site=2000&type=RESOURCES&site=2000,https://www.gov.uk/selling-your-business-your-responsibilities,301,Closed,
http://www.ukwelcomes.businesslink.gov.uk/bdotg/action/detail?itemId=1083990328&r.i=1083990320&r.l1=1083987665&r.l2=1083987775&r.l3=1083987859&r.s=sc&r.t=RESOURCES&site=2000&type=RESOURCES&site=2000,https://www.gov.uk/selling-your-business-your-responsibilities,301,Closed,
http://www.ukwelcomes.businesslink.gov.uk/bdotg/action/detail?itemId=1083990333&r.i=1083990328&r.l1=1083987665&r.l2=1083987775&r.l3=1083987859&r.s=sc&r.t=RESOURCES&site=2000&type=RESOURCES&site=2000,https://www.gov.uk/selling-your-business-your-responsibilities,301,Closed,
http://www.ukwelcomes.businesslink.gov.uk/bdotg/action/detail?itemId=1083990341&r.i=1088155530&r.l1=1083987665&r.l2=1083987775&r.l3=1083987859&r.s=sc&r.t=RESOURCES&site=2000&type=RESOURCES&site=2000,https://www.gov.uk/selling-your-business-your-responsibilities,301,Closed,
http://www.ukwelcomes.businesslink.gov.uk/bdotg/action/detail?itemId=1083990350&type=RESOURCES&site=2000,http://www.hse.gov.uk/,301,Closed,
http://www.ukwelcomes.businesslink.gov.uk/bdotg/action/detail?itemId=1083990376&type=RESOURCES&site=2000,http://www.hse.gov.uk/,301,Closed,
http://www.ukwelcomes.businesslink.gov.uk/bdotg/action/detail?itemId=1083990384&type=RESOURCES&site=2000,http://www.hse.gov.uk/,301,Closed,
http://www.ukwelcomes.businesslink.gov.uk/bdotg/action/detail?itemId=1083990390&type=RESOURCES&site=2000,http://www.hse.gov.uk/,301,Closed,
http://www.ukwelcomes.businesslink.gov.uk/bdotg/action/detail?itemId=1083990399&type=RESOURCES&site=2000,http://www.hse.gov.uk/,301,Closed,
http://www.ukwelcomes.businesslink.gov.uk/bdotg/action/detail?itemId=1083990409&type=RESOURCES&site=2000,http://www.hse.gov.uk/,301,Closed,
http://www.ukwelcomes.businesslink.gov.uk/bdotg/action/detail?itemId=1083990419&type=RESOURCES&site=2000,http://www.hse.gov.uk/,301,Closed,
http://www.ukwelcomes.businesslink.gov.uk/bdotg/action/detail?itemId=1083990430&type=RESOURCES&site=2000,http://www.hse.gov.uk/,301,Closed,
http://www.ukwelcomes.businesslink.gov.uk/bdotg/action/detail?itemId=1083990439&type=RESOURCES&site=2000,http://www.hse.gov.uk/,301,Closed,
http://www.ukwelcomes.businesslink.gov.uk/bdotg/action/detail?itemId=1083990444&type=RESOURCES&site=2000,http://www.hse.gov.uk/,301,Closed,
http://www.ukwelcomes.businesslink.gov.uk/bdotg/action/detail?itemId=1083990455&type=RESOURCES&site=2000,http://www.hse.gov.uk/,301,Closed,
http://www.ukwelcomes.businesslink.gov.uk/bdotg/action/detail?itemId=1083990462&type=RESOURCES&site=2000,https://www.gov.uk/managing-your-waste-an-overview,301,Closed,
http://www.ukwelcomes.businesslink.gov.uk/bdotg/action/detail?itemId=1083990468&type=RESOURCES&site=2000,https://www.gov.uk/managing-your-waste-an-overview,301,Closed,
http://www.ukwelcomes.businesslink.gov.uk/bdotg/action/detail?itemId=1083990472&type=RESOURCES&site=2000,https://www.gov.uk/managing-your-waste-an-overview,301,Closed,
http://www.ukwelcomes.businesslink.gov.uk/bdotg/action/detail?itemId=1083990476&type=RESOURCES&site=2000,https://www.gov.uk/managing-your-waste-an-overview,301,Closed,
http://www.ukwelcomes.businesslink.gov.uk/bdotg/action/detail?itemId=1083990483&type=RESOURCES&site=2000,https://www.gov.uk/managing-your-waste-an-overview,301,Closed,
http://www.ukwelcomes.businesslink.gov.uk/bdotg/action/detail?itemId=1083990492&type=RESOURCES&site=2000,https://www.gov.uk/uk-welcomes-business,301,Closed,
http://www.ukwelcomes.businesslink.gov.uk/bdotg/action/detail?itemId=1083990499&type=RESOURCES&site=2000,https://www.gov.uk/uk-welcomes-business,301,Closed,
http://www.ukwelcomes.businesslink.gov.uk/bdotg/action/detail?itemId=1083990510&type=RESOURCES&site=2000,https://www.gov.uk/managing-your-waste-an-overview,301,Closed,
http://www.ukwelcomes.businesslink.gov.uk/bdotg/action/detail?itemId=1083990546&type=RESOURCES&site=2000,https://www.gov.uk/uk-welcomes-business,301,Closed,
http://www.ukwelcomes.businesslink.gov.uk/bdotg/action/detail?itemId=1083990553&type=RESOURCES&site=2000,https://www.gov.uk/uk-welcomes-business,301,Closed,
http://www.ukwelcomes.businesslink.gov.uk/bdotg/action/detail?itemId=1083990566&type=RESOURCES&site=2000,https://www.gov.uk/uk-welcomes-business,301,Closed,
http://www.ukwelcomes.businesslink.gov.uk/bdotg/action/detail?itemId=1083990576&type=RESOURCES&site=2000,https://www.gov.uk/uk-welcomes-business,301,Closed,
http://www.ukwelcomes.businesslink.gov.uk/bdotg/action/detail?itemId=1083990598&type=RESOURCES&site=2000,https://www.gov.uk/uk-welcomes-business,301,Closed,
http://www.ukwelcomes.businesslink.gov.uk/bdotg/action/detail?itemId=1083990737&type=RESOURCES&site=2000,https://www.gov.uk/vat-businesses,301,Closed,
http://www.ukwelcomes.businesslink.gov.uk/bdotg/action/detail?itemId=1083990747&type=RESOURCES&site=2000,https://www.gov.uk/prepare-file-annual-accounts-for-limited-company,301,Closed,
http://www.ukwelcomes.businesslink.gov.uk/bdotg/action/detail?itemId=1083990757&type=RESOURCES&site=2000,https://www.gov.uk/uk-welcomes-business,301,Closed,
http://www.ukwelcomes.businesslink.gov.uk/bdotg/action/detail?itemId=1083990767&r.i=1083990757&r.l1=1083987665&r.l2=1083987775&r.l3=1083987883&r.s=m&r.t=RESOURCES&site=2000&type=RESOURCES&site=2000,https://www.gov.uk/capital-gains-tax,301,Closed,
http://www.ukwelcomes.businesslink.gov.uk/bdotg/action/detail?itemId=1083990793&r.i=1083990767&r.l1=1083987665&r.l2=1083987775&r.l3=1083987883&r.s=sc&r.t=RESOURCES&site=2000&type=RESOURCES&site=2000,https://www.gov.uk/introduction-to-business-rates,301,Closed,
http://www.ukwelcomes.businesslink.gov.uk/bdotg/action/detail?itemId=1083990803&type=RESOURCES&site=2000,https://www.gov.uk/uk-welcomes-business,301,Closed,
http://www.ukwelcomes.businesslink.gov.uk/bdotg/action/detail?itemId=1083990809&type=RESOURCES&site=2000,https://www.gov.uk/file-your-company-accounts-and-tax-return,301,Closed,
http://www.ukwelcomes.businesslink.gov.uk/bdotg/action/detail?itemId=1083990886&r.l1=1083987665&r.l2=1083987745&r.l3=1083987894&r.s=sc&site=2000&type=RESOURCES&site=2000,https://www.gov.uk/business-finance-support-finder,301,Closed,
http://www.ukwelcomes.businesslink.gov.uk/bdotg/action/detail?itemId=1083990900&r.l1=1083987665&r.l2=1083987745&r.l3=1083987894&r.s=sc&site=2000&type=RESOURCES&site=2000,https://www.gov.uk/business-finance-support-finder,301,Closed,
http://www.ukwelcomes.businesslink.gov.uk/bdotg/action/detail?itemId=1083990921&r.l1=1083987665&r.l2=1083987745&r.l3=1083987894&r.s=sc&site=2000&type=RESOURCES&site=2000,https://www.gov.uk/business-finance-support-finder,301,Closed,
http://www.ukwelcomes.businesslink.gov.uk/bdotg/action/detail?itemId=1083990925&r.l1=1083987665&r.l2=1083987745&r.l3=1083987894&r.s=sc&site=2000&type=RESOURCES&site=2000,https://www.gov.uk/business-finance-support-finder,301,Closed,
http://www.ukwelcomes.businesslink.gov.uk/bdotg/action/detail?itemId=1083990973&type=RESOURCES&site=2000,https://www.gov.uk/uk-welcomes-business,301,Closed,
http://www.ukwelcomes.businesslink.gov.uk/bdotg/action/detail?itemId=1083990981&type=RESOURCES&site=2000,https://www.gov.uk/uk-welcomes-business,301,Closed,
http://www.ukwelcomes.businesslink.gov.uk/bdotg/action/detail?itemId=1083990987&type=RESOURCES&site=2000,https://www.gov.uk/uk-welcomes-business,301,Closed,
http://www.ukwelcomes.businesslink.gov.uk/bdotg/action/detail?itemId=1083991015&type=RESOURCES&site=2000,https://www.gov.uk/uk-welcomes-business,301,Closed,
http://www.ukwelcomes.businesslink.gov.uk/bdotg/action/detail?itemId=1083991051&r.l1=1083987667&r.l2=1083987765&r.l3=1083987909&r.s=sc&site=2000&type=RESOURCES&site=2000,https://www.gov.uk/browse/education,301,Closed,
http://www.ukwelcomes.businesslink.gov.uk/bdotg/action/detail?itemId=1083991068&r.l1=1083987667&r.l2=1083987765&r.l3=1083987909&r.s=sc&site=2000&type=RESOURCES&site=2000,https://www.gov.uk/browse/education,301,Closed,
http://www.ukwelcomes.businesslink.gov.uk/bdotg/action/detail?itemId=1083991080&r.l1=1083987667&r.l2=1083987765&r.l3=1083987909&r.s=sc&site=2000&type=RESOURCES&site=2000,https://www.gov.uk/browse/education,301,Closed,
http://www.ukwelcomes.businesslink.gov.uk/bdotg/action/detail?itemId=1083991089&r.l1=1083987667&r.l2=1083987765&r.l3=1083987909&r.s=sc&site=2000&type=RESOURCES&site=2000,https://www.gov.uk/browse/education,301,Closed,
http://www.ukwelcomes.businesslink.gov.uk/bdotg/action/detail?itemId=1083991096&r.l1=1083987667&r.l2=1083987765&r.l3=1083987909&r.s=sc&site=2000&type=RESOURCES&site=2000,https://www.gov.uk/browse/education,301,Closed,
http://www.ukwelcomes.businesslink.gov.uk/bdotg/action/detail?itemId=1083991099&r.l1=1083987667&r.l2=1083987765&r.l3=1083987909&r.s=sc&site=2000&type=RESOURCES&site=2000,https://www.gov.uk/browse/education,301,Closed,
http://www.ukwelcomes.businesslink.gov.uk/bdotg/action/detail?itemId=1083991105&r.l1=1083987667&r.l2=1083987765&r.l3=1083987909&r.s=sc&site=2000&type=RESOURCES&site=2000,https://www.gov.uk/browse/education,301,Closed,
http://www.ukwelcomes.businesslink.gov.uk/bdotg/action/detail?itemId=1083991129&r.l1=1083987667&r.l2=1083987765&r.l3=1083987909&r.s=sc&site=2000&type=RESOURCES&site=2000,https://www.gov.uk/browse/education,301,Closed,
http://www.ukwelcomes.businesslink.gov.uk/bdotg/action/detail?itemId=1083991136&r.l1=1083987667&r.l2=1083987765&r.l3=1083987909&r.s=sc&site=2000&type=RESOURCES&site=2000,https://www.gov.uk/browse/education,301,Closed,
http://www.ukwelcomes.businesslink.gov.uk/bdotg/action/detail?itemId=1083991286&r.l1=1083987667&r.l2=1083987763&r.l3=1083987921&r.s=sc&site=2000&type=RESOURCES&site=2000,https://www.gov.uk/understand-how-your-council-works/types-of-council,301,Closed,
http://www.ukwelcomes.businesslink.gov.uk/bdotg/action/detail?itemId=1083991290&r.l1=1083987667&r.l2=1083987763&r.l3=1083987921&r.s=sc&site=2000&type=RESOURCES&site=2000,https://www.gov.uk/understand-how-your-council-works/types-of-council,301,Closed,
http://www.ukwelcomes.businesslink.gov.uk/bdotg/action/detail?itemId=1083991299&r.l1=1083987667&r.l2=1083987763&r.l3=1083987921&r.s=sc&site=2000&type=RESOURCES&site=2000,https://www.gov.uk/understand-how-your-council-works/types-of-council,301,Closed,
http://www.ukwelcomes.businesslink.gov.uk/bdotg/action/detail?itemId=1083991321&r.l1=1083987667&r.l2=1083987763&r.l3=1083987921&r.s=sc&site=2000&type=RESOURCES&site=2000,https://www.gov.uk/understand-how-your-council-works/types-of-council,301,Closed,
http://www.ukwelcomes.businesslink.gov.uk/bdotg/action/detail?itemId=1083991333&r.l1=1083987667&r.l2=1083987763&r.l3=1083987921&r.s=sc&site=2000&type=RESOURCES&site=2000,https://www.gov.uk/understand-how-your-council-works/types-of-council,301,Closed,
http://www.ukwelcomes.businesslink.gov.uk/bdotg/action/detail?itemId=1083991339&type=RESOURCES&site=2000,,410,Closed,http://www.ons.gov.uk/ons/index.html
http://www.ukwelcomes.businesslink.gov.uk/bdotg/action/detail?itemId=1083991363&type=RESOURCES&site=2000,https://www.gov.uk/capital-allowances,301,Closed,
http://www.ukwelcomes.businesslink.gov.uk/bdotg/action/detail?itemId=1083991368&type=RESOURCES&site=2000,,410,Closed,http://www.ons.gov.uk/ons/index.html
http://www.ukwelcomes.businesslink.gov.uk/bdotg/action/detail?itemId=1083991384&type=RESOURCES&site=2000,,410,Closed,http://www.ons.gov.uk/ons/index.html
http://www.ukwelcomes.businesslink.gov.uk/bdotg/action/detail?itemId=1083991388&type=RESOURCES&site=2000,,410,Closed,http://www.ons.gov.uk/ons/index.html
http://www.ukwelcomes.businesslink.gov.uk/bdotg/action/detail?itemId=1083991393&type=RESOURCES&site=2000,https://www.gov.uk/capital-allowances,301,Closed,
http://www.ukwelcomes.businesslink.gov.uk/bdotg/action/detail?itemId=1083991398&type=RESOURCES&site=2000,,410,Closed,http://www.ons.gov.uk/ons/index.html
http://www.ukwelcomes.businesslink.gov.uk/bdotg/action/detail?itemId=1083991407&type=RESOURCES&site=2000,https://www.gov.uk/capital-allowances,301,Closed,
http://www.ukwelcomes.businesslink.gov.uk/bdotg/action/detail?itemId=1083991429&type=RESOURCES&site=2000,,410,Closed,
http://www.ukwelcomes.businesslink.gov.uk/bdotg/action/detail?itemId=1083991443&type=RESOURCES&site=2000,,410,Closed,
http://www.ukwelcomes.businesslink.gov.uk/bdotg/action/detail?itemId=1083991447&type=RESOURCES&site=2000,,410,Closed,
http://www.ukwelcomes.businesslink.gov.uk/bdotg/action/detail?itemId=1083991458&type=RESOURCES&site=2000,,410,Closed,
http://www.ukwelcomes.businesslink.gov.uk/bdotg/action/detail?itemId=1083991462&type=RESOURCES&site=2000,,410,Closed,
http://www.ukwelcomes.businesslink.gov.uk/bdotg/action/detail?itemId=1083991465&type=RESOURCES&site=2000,,410,Closed,
http://www.ukwelcomes.businesslink.gov.uk/bdotg/action/detail?itemId=1083991487&type=RESOURCES&site=2000,https://www.gov.uk/marketing-advertising-law,301,Closed,
http://www.ukwelcomes.businesslink.gov.uk/bdotg/action/detail?itemId=1083991511&type=RESOURCES&site=2000,https://www.gov.uk/product-labelling-the-law,410,Closed,
http://www.ukwelcomes.businesslink.gov.uk/bdotg/action/detail?itemId=1083991526&type=RESOURCES&site=2000,https://www.gov.uk/product-labelling-the-law,410,Closed,
http://www.ukwelcomes.businesslink.gov.uk/bdotg/action/detail?itemId=1083991535&type=RESOURCES&site=2000,,410,Closed,http://oft.gov.uk/
http://www.ukwelcomes.businesslink.gov.uk/bdotg/action/detail?itemId=1083991544&type=RESOURCES&site=2000,https://www.gov.uk/data-protection-your-business,301,Closed,
http://www.ukwelcomes.businesslink.gov.uk/bdotg/action/detail?itemId=1083991555&type=RESOURCES&site=2000,https://www.gov.uk/intellectual-property-an-overview,301,Closed,
http://www.ukwelcomes.businesslink.gov.uk/bdotg/action/detail?itemId=1083991560&type=RESOURCES&site=2000,https://www.gov.uk/intellectual-property-an-overview,301,Closed,
http://www.ukwelcomes.businesslink.gov.uk/bdotg/action/detail?itemId=1083991565&type=RESOURCES&site=2000,https://www.gov.uk/intellectual-property-an-overview,301,Closed,
http://www.ukwelcomes.businesslink.gov.uk/bdotg/action/detail?itemId=1083991569&type=RESOURCES&site=2000,https://www.gov.uk/intellectual-property-an-overview,301,Closed,
http://www.ukwelcomes.businesslink.gov.uk/bdotg/action/detail?itemId=1083991572&type=RESOURCES&site=2000,https://www.gov.uk/intellectual-property-an-overview,301,Closed,
http://www.ukwelcomes.businesslink.gov.uk/bdotg/action/detail?itemId=1083991575&type=RESOURCES&site=2000,https://www.gov.uk/intellectual-property-an-overview,301,Closed,
http://www.ukwelcomes.businesslink.gov.uk/bdotg/action/detail?itemId=1083991628&type=RESOURCES&site=2000,https://www.gov.uk/uk-welcomes-business,301,Closed,
http://www.ukwelcomes.businesslink.gov.uk/bdotg/action/detail?itemId=1083991635&type=RESOURCES&site=2000,https://www.gov.uk/uk-welcomes-business,301,Closed,
http://www.ukwelcomes.businesslink.gov.uk/bdotg/action/detail?itemId=1083991648&type=RESOURCES&site=2000,https://www.gov.uk/uk-welcomes-business,301,Closed,
http://www.ukwelcomes.businesslink.gov.uk/bdotg/action/detail?itemId=1083991653&type=RESOURCES&site=2000,https://www.gov.uk/uk-welcomes-business,301,Closed,
http://www.ukwelcomes.businesslink.gov.uk/bdotg/action/detail?itemId=1083991661&type=RESOURCES&site=2000,,410,Closed,
http://www.ukwelcomes.businesslink.gov.uk/bdotg/action/detail?itemId=1083991664&type=RESOURCES&site=2000,,410,Closed,
http://www.ukwelcomes.businesslink.gov.uk/bdotg/action/detail?itemId=1083991669&type=RESOURCES&site=2000,,410,Closed,
http://www.ukwelcomes.businesslink.gov.uk/bdotg/action/detail?itemId=1083991677&type=RESOURCES&site=2000,,410,Closed,
http://www.ukwelcomes.businesslink.gov.uk/bdotg/action/detail?itemId=1083991683&type=RESOURCES&site=2000,,410,Closed,
http://www.ukwelcomes.businesslink.gov.uk/bdotg/action/detail?itemId=1083991686&type=RESOURCES&site=2000,,410,Closed,
http://www.ukwelcomes.businesslink.gov.uk/bdotg/action/detail?itemId=1083991694&type=RESOURCES&site=2000,,410,Closed,
http://www.ukwelcomes.businesslink.gov.uk/bdotg/action/detail?itemId=1083991698&type=RESOURCES&site=2000,,410,Closed,
http://www.ukwelcomes.businesslink.gov.uk/bdotg/action/detail?itemId=1083991763&type=RESOURCES&site=2000,https://www.gov.uk/late-commercial-payments-interest-debt-recovery,301,Closed,
http://www.ukwelcomes.businesslink.gov.uk/bdotg/action/detail?itemId=1083991768&type=RESOURCES&site=2000,https://www.gov.uk/late-commercial-payments-interest-debt-recovery,301,Closed,
http://www.ukwelcomes.businesslink.gov.uk/bdotg/action/detail?itemId=1083991773&type=RESOURCES&site=2000,https://www.gov.uk/late-commercial-payments-interest-debt-recovery,301,Closed,
http://www.ukwelcomes.businesslink.gov.uk/bdotg/action/detail?itemId=1083991777&type=RESOURCES&site=2000,https://www.gov.uk/late-commercial-payments-interest-debt-recovery,301,Closed,
http://www.ukwelcomes.businesslink.gov.uk/bdotg/action/detail?itemId=1083991780&type=RESOURCES&site=2000,https://www.gov.uk/late-commercial-payments-interest-debt-recovery,301,Closed,
http://www.ukwelcomes.businesslink.gov.uk/bdotg/action/detail?itemId=1083991785&type=RESOURCES&site=2000,,410,Closed,
http://www.ukwelcomes.businesslink.gov.uk/bdotg/action/detail?itemId=1083991789&type=RESOURCES&site=2000,,410,Closed,http://cimmarketingexpert.co.uk/
http://www.ukwelcomes.businesslink.gov.uk/bdotg/action/detail?itemId=1083991805&type=RESOURCES&site=2000,https://www.gov.uk/late-commercial-payments-interest-debt-recovery,301,Closed,
http://www.ukwelcomes.businesslink.gov.uk/bdotg/action/detail?itemId=1083991812&site=2000&type=RESOURCES&site=2000,,410,Closed,
http://www.ukwelcomes.businesslink.gov.uk/bdotg/action/detail?itemId=1083991817&type=RESOURCES&site=2000,,410,Closed,http://www.itdonut.co.uk
http://www.ukwelcomes.businesslink.gov.uk/bdotg/action/detail?itemId=1083991825&type=RESOURCES&site=2000,,410,Closed,http://www.itdonut.co.uk
http://www.ukwelcomes.businesslink.gov.uk/bdotg/action/detail?itemId=1083991834&type=RESOURCES&site=2000,,410,Closed,http://www.itdonut.co.uk
http://www.ukwelcomes.businesslink.gov.uk/bdotg/action/detail?itemId=1083991842&type=RESOURCES&site=2000,,410,Closed,http://www.itdonut.co.uk
http://www.ukwelcomes.businesslink.gov.uk/bdotg/action/detail?itemId=1083991859&type=RESOURCES&site=2000,,410,Closed,
http://www.ukwelcomes.businesslink.gov.uk/bdotg/action/detail?itemId=1083991867&type=RESOURCES&site=2000,https://www.gov.uk/am-i-getting-minimum-wage,301,Closed,
http://www.ukwelcomes.businesslink.gov.uk/bdotg/action/detail?itemId=1083991871&type=RESOURCES&site=2000,,410,Closed,
http://www.ukwelcomes.businesslink.gov.uk/bdotg/action/detail?itemId=1083991886&type=RESOURCES&site=2000,,410,Closed,http://www.itdonut.co.uk
http://www.ukwelcomes.businesslink.gov.uk/bdotg/action/detail?itemId=1083991892&type=RESOURCES&site=2000,,410,Closed,http://www.itdonut.co.uk
http://www.ukwelcomes.businesslink.gov.uk/bdotg/action/detail?itemId=1083991949&type=RESOURCES&site=2000,https://www.gov.uk/paye-for-employers,301,Closed,
http://www.ukwelcomes.businesslink.gov.uk/bdotg/action/detail?itemId=1083991963&type=RESOURCES&site=2000,https://www.gov.uk/paye-for-employers,301,Closed,
http://www.ukwelcomes.businesslink.gov.uk/bdotg/action/detail?itemId=1083991991&type=RESOURCES&site=2000,https://www.gov.uk/paye-for-employers,301,Closed,
http://www.ukwelcomes.businesslink.gov.uk/bdotg/action/detail?itemId=1083991997&type=RESOURCES&site=2000,https://www.gov.uk/browse/working/time-off,301,Closed,
http://www.ukwelcomes.businesslink.gov.uk/bdotg/action/detail?itemId=1083992013&site=2000&type=RESOURCES&site=2000,https://www.gov.uk/paye-for-employers,301,Closed,
http://www.ukwelcomes.businesslink.gov.uk/bdotg/action/detail?itemId=1083992040&type=RESOURCES&site=2000,https://www.gov.uk/paye-for-employers,301,Closed,
http://www.ukwelcomes.businesslink.gov.uk/bdotg/action/detail?itemId=1083992044&type=RESOURCES&site=2000,https://www.gov.uk/paye-for-employers,301,Closed,
http://www.ukwelcomes.businesslink.gov.uk/bdotg/action/detail?itemId=1083992072&type=RESOURCES&site=2000,,410,Closed,http://www.itdonut.co.uk
http://www.ukwelcomes.businesslink.gov.uk/bdotg/action/detail?itemId=1083992100&type=RESOURCES&site=2000,,410,Closed,http://www.itdonut.co.uk
http://www.ukwelcomes.businesslink.gov.uk/bdotg/action/detail?itemId=1083992118&type=RESOURCES&site=2000,,410,Closed,http://www.itdonut.co.uk
http://www.ukwelcomes.businesslink.gov.uk/bdotg/action/detail?itemId=1083992137&type=RESOURCES&site=2000,,410,Closed,http://www.itdonut.co.uk
http://www.ukwelcomes.businesslink.gov.uk/bdotg/action/detail?itemId=1083992147&type=RESOURCES&site=2000,,410,Closed,http://cimmarketingexpert.co.uk/
http://www.ukwelcomes.businesslink.gov.uk/bdotg/action/detail?itemId=1083992157&type=RESOURCES&site=2000,,410,Closed,http://www.itdonut.co.uk
http://www.ukwelcomes.businesslink.gov.uk/bdotg/action/detail?itemId=1083992169&type=RESOURCES&site=2000,,410,Closed,http://cimmarketingexpert.co.uk/
http://www.ukwelcomes.businesslink.gov.uk/bdotg/action/detail?itemId=1083992177&type=RESOURCES&site=2000,,410,Closed,http://cimmarketingexpert.co.uk/
http://www.ukwelcomes.businesslink.gov.uk/bdotg/action/detail?itemId=1083992184&type=RESOURCES&site=2000,,410,Closed,http://www.itdonut.co.uk
http://www.ukwelcomes.businesslink.gov.uk/bdotg/action/detail?itemId=1083992194&type=RESOURCES&site=2000,https://www.gov.uk/marketing-advertising-law,301,Closed,
http://www.ukwelcomes.businesslink.gov.uk/bdotg/action/detail?itemId=1083992210&type=RESOURCES&site=2000,,410,Closed,http://www.itdonut.co.uk
http://www.ukwelcomes.businesslink.gov.uk/bdotg/action/detail?itemId=1083992226&type=RESOURCES&site=2000,,410,Closed,http://cimmarketingexpert.co.uk/
http://www.ukwelcomes.businesslink.gov.uk/bdotg/action/detail?itemId=1083992236&type=RESOURCES&site=2000,,410,Closed,http://www.itdonut.co.uk
http://www.ukwelcomes.businesslink.gov.uk/bdotg/action/detail?itemId=1083992246&type=RESOURCES&site=2000,https://www.gov.uk/uk-welcomes-business,301,Closed,
http://www.ukwelcomes.businesslink.gov.uk/bdotg/action/detail?itemId=1083992392&type=RESOURCES&site=2000,,410,Closed,
http://www.ukwelcomes.businesslink.gov.uk/bdotg/action/detail?itemId=1083992396&type=RESOURCES&site=2000,,410,Closed,
http://www.ukwelcomes.businesslink.gov.uk/bdotg/action/detail?itemId=1083992852&type=RESOURCES&site=2000,,410,Closed,
http://www.ukwelcomes.businesslink.gov.uk/bdotg/action/detail?itemId=1083992863&type=RESOURCES&site=2000,,410,Closed,
http://www.ukwelcomes.businesslink.gov.uk/bdotg/action/detail?itemId=1083992875&type=RESOURCES&site=2000,,410,Closed,http://www.nhsdirect.nhs.uk/
http://www.ukwelcomes.businesslink.gov.uk/bdotg/action/detail?itemId=1083992878&type=RESOURCES&site=2000,,410,Closed,
http://www.ukwelcomes.businesslink.gov.uk/bdotg/action/detail?itemId=1083992893&type=RESOURCES&site=2000,,410,Closed,http://www.nhsdirect.nhs.uk/
http://www.ukwelcomes.businesslink.gov.uk/bdotg/action/detail?itemId=1083992905&type=RESOURCES&site=2000,,410,Closed,
http://www.ukwelcomes.businesslink.gov.uk/bdotg/action/detail?itemId=1083992982&type=RESOURCES&site=2000,https://www.gov.uk/uk-welcomes-business,301,Closed,
http://www.ukwelcomes.businesslink.gov.uk/bdotg/action/detail?itemId=1083993013&type=RESOURCES&site=2000,https://www.gov.uk/uk-welcomes-business,301,Closed,
http://www.ukwelcomes.businesslink.gov.uk/bdotg/action/detail?itemId=1083993046&type=RESOURCES&site=2000,https://www.gov.uk/uk-welcomes-business,301,Closed,
http://www.ukwelcomes.businesslink.gov.uk/bdotg/action/detail?itemId=1083993058&type=RESOURCES&site=2000,https://www.gov.uk/uk-welcomes-business,301,Closed,
http://www.ukwelcomes.businesslink.gov.uk/bdotg/action/detail?itemId=1083993065&type=RESOURCES&site=2000,https://www.gov.uk/uk-welcomes-business,301,Closed,
http://www.ukwelcomes.businesslink.gov.uk/bdotg/action/detail?itemId=1083993209&type=RESOURCES&site=2000,,410,Closed,http://www.itdonut.co.uk
http://www.ukwelcomes.businesslink.gov.uk/bdotg/action/detail?itemId=1083993211&type=RESOURCES&site=2000,https://www.gov.uk/invoicing-and-taking-payment-from-customers,301,Closed,
http://www.ukwelcomes.businesslink.gov.uk/bdotg/action/detail?itemId=1083993214&type=RESOURCES&site=2000,,410,Closed,http://oft.gov.uk/
http://www.ukwelcomes.businesslink.gov.uk/bdotg/action/detail?itemId=1083993220&type=RESOURCES&site=2000,https://www.gov.uk/online-and-distance-selling-for-businesses,301,Closed,
http://www.ukwelcomes.businesslink.gov.uk/bdotg/action/detail?itemId=1083993224&type=RESOURCES&site=2000,https://www.gov.uk/invoicing-and-taking-payment-from-customers,301,Closed,
http://www.ukwelcomes.businesslink.gov.uk/bdotg/action/detail?itemId=1083993358&type=RESOURCES&site=2000,https://www.gov.uk/contract-types-and-employer-responsibilities,301,Closed,
http://www.ukwelcomes.businesslink.gov.uk/bdotg/action/detail?itemId=1083993369&type=RESOURCES&site=2000,https://www.gov.uk/contract-types-and-employer-responsibilities,301,Closed,
http://www.ukwelcomes.businesslink.gov.uk/bdotg/action/detail?itemId=1083993380&type=RESOURCES&site=2000,https://www.gov.uk/employment-contracts-and-conditions,301,Closed,
http://www.ukwelcomes.businesslink.gov.uk/bdotg/action/detail?itemId=1083993390&type=RESOURCES&site=2000,https://www.gov.uk/maximum-weekly-working-hours,301,Closed,
http://www.ukwelcomes.businesslink.gov.uk/bdotg/action/detail?itemId=1083993395&type=RESOURCES&site=2000,https://www.gov.uk/browse/working/time-off,301,Closed,
http://www.ukwelcomes.businesslink.gov.uk/bdotg/action/detail?itemId=1083993403&type=RESOURCES&site=2000,https://www.gov.uk/which-finance-is-right-for-your-business,301,Closed,
http://www.ukwelcomes.businesslink.gov.uk/bdotg/action/detail?itemId=1083993409&type=RESOURCES&site=2000,https://www.gov.uk/which-finance-is-right-for-your-business,301,Closed,
http://www.ukwelcomes.businesslink.gov.uk/bdotg/action/detail?itemId=1083993417&site=2000&type=RESOURCES&site=2000,https://www.gov.uk/flexible-working,301,Closed,
http://www.ukwelcomes.businesslink.gov.uk/bdotg/action/detail?itemId=1083993421&type=RESOURCES&site=2000,https://www.gov.uk/tendering-for-public-sector-contracts,301,Closed,
http://www.ukwelcomes.businesslink.gov.uk/bdotg/action/detail?itemId=1083993430&type=RESOURCES&site=2000,https://www.gov.uk/which-finance-is-right-for-your-business,301,Closed,
http://www.ukwelcomes.businesslink.gov.uk/bdotg/action/detail?itemId=1083993438&type=RESOURCES&site=2000,https://www.gov.uk/workplace-pensions-employers,301,Closed,
http://www.ukwelcomes.businesslink.gov.uk/bdotg/action/detail?itemId=1083993442&type=RESOURCES&site=2000,https://www.gov.uk/which-finance-is-right-for-your-business,301,Closed,
http://www.ukwelcomes.businesslink.gov.uk/bdotg/action/detail?itemId=1083993445&type=RESOURCES&site=2000,https://www.gov.uk/data-protection-your-business,301,Closed,
http://www.ukwelcomes.businesslink.gov.uk/bdotg/action/detail?itemId=1083993448&type=RESOURCES&site=2000,https://www.gov.uk/tendering-for-public-sector-contracts,301,Closed,
http://www.ukwelcomes.businesslink.gov.uk/bdotg/action/detail?itemId=1083993462&type=RESOURCES&site=2000,https://www.gov.uk/which-finance-is-right-for-your-business,301,Closed,
http://www.ukwelcomes.businesslink.gov.uk/bdotg/action/detail?itemId=1083993468&type=RESOURCES&site=2000,https://www.gov.uk/taking-disciplinary-action,301,Closed,
http://www.ukwelcomes.businesslink.gov.uk/bdotg/action/detail?itemId=1083993473&type=RESOURCES&site=2000,https://www.gov.uk/which-finance-is-right-for-your-business,301,Closed,
http://www.ukwelcomes.businesslink.gov.uk/bdotg/action/detail?itemId=1083993477&type=RESOURCES&site=2000,https://www.gov.uk/which-finance-is-right-for-your-business,301,Closed,
http://www.ukwelcomes.businesslink.gov.uk/bdotg/action/detail?itemId=1083993483&type=RESOURCES&site=2000,https://www.gov.uk/tendering-for-public-sector-contracts,301,Closed,
http://www.ukwelcomes.businesslink.gov.uk/bdotg/action/detail?itemId=1083993497&type=RESOURCES&site=2000,https://www.gov.uk/tendering-for-public-sector-contracts,301,Closed,
http://www.ukwelcomes.businesslink.gov.uk/bdotg/action/detail?itemId=1083993509&type=RESOURCES&site=2000,https://www.gov.uk/tendering-for-public-sector-contracts,301,Closed,
http://www.ukwelcomes.businesslink.gov.uk/bdotg/action/detail?itemId=1083993516&site=2000&type=RESOURCES&site=2000,https://www.gov.uk/tendering-for-public-sector-contracts,301,Closed,
http://www.ukwelcomes.businesslink.gov.uk/bdotg/action/detail?itemId=1083993527&type=RESOURCES&site=2000,https://www.gov.uk/tendering-for-public-sector-contracts,301,Closed,
http://www.ukwelcomes.businesslink.gov.uk/bdotg/action/detail?itemId=1083993776&type=RESOURCES&site=2000,https://www.gov.uk/business-legal-structures,301,Closed,
http://www.ukwelcomes.businesslink.gov.uk/bdotg/action/detail?itemId=1083993787&type=RESOURCES&site=2000,https://www.gov.uk/business-legal-structures,301,Closed,
http://www.ukwelcomes.businesslink.gov.uk/bdotg/action/detail?itemId=1083993798&type=RESOURCES&site=2000,https://www.gov.uk/business-legal-structures,301,Closed,
http://www.ukwelcomes.businesslink.gov.uk/bdotg/action/detail?itemId=1083993810&type=RESOURCES&site=2000,https://www.gov.uk/business-legal-structures,301,Closed,
http://www.ukwelcomes.businesslink.gov.uk/bdotg/action/detail?itemId=1083993819&type=RESOURCES&site=2000,https://www.gov.uk/business-legal-structures,301,Closed,
http://www.ukwelcomes.businesslink.gov.uk/bdotg/action/detail?itemId=1083993848&type=RESOURCES&site=2000,https://www.gov.uk/business-legal-structures,301,Closed,
http://www.ukwelcomes.businesslink.gov.uk/bdotg/action/detail?itemId=1083993855&type=RESOURCES&site=2000,https://www.gov.uk/business-legal-structures,301,Closed,
http://www.ukwelcomes.businesslink.gov.uk/bdotg/action/detail?itemId=1083994254&type=RESOURCES&site=2000,https://www.gov.uk/uk-visa-sponsorship-employers/before-you-can-sponsor-an-employee,301,Closed,
http://www.ukwelcomes.businesslink.gov.uk/bdotg/action/detail?itemId=1083994294&type=RESOURCES&site=2000,https://www.gov.uk/uk-welcomes-business,301,Closed,
http://www.ukwelcomes.businesslink.gov.uk/bdotg/action/detail?itemId=1083994307&type=RESOURCES&site=2000,https://www.gov.uk/shipping-goods,410,Closed,
http://www.ukwelcomes.businesslink.gov.uk/bdotg/action/detail?itemId=1083994321&type=RESOURCES&site=2000,https://www.gov.uk/being-a-goods-vehicle-operator,301,Closed,
http://www.ukwelcomes.businesslink.gov.uk/bdotg/action/detail?itemId=1083994332&type=RESOURCES&site=2000,https://www.gov.uk/shipping-goods,410,Closed,
http://www.ukwelcomes.businesslink.gov.uk/bdotg/action/detail?itemId=1083994343&type=RESOURCES&site=2000,https://www.gov.uk/shipping-goods,410,Closed,
http://www.ukwelcomes.businesslink.gov.uk/bdotg/action/detail?itemId=1083994349&r.l1=1083987665&r.l2=1083987755&r.l3=1083987885&r.s=sc&site=2000&type=CASE%20STUDIES&site=2000,https://www.gov.uk/uk-welcomes-business,301,Closed,
http://www.ukwelcomes.businesslink.gov.uk/bdotg/action/detail?itemId=1083994351&type=RESOURCES&site=2000,https://www.gov.uk/shipping-goods,410,Closed,
http://www.ukwelcomes.businesslink.gov.uk/bdotg/action/detail?itemId=1083994360&type=RESOURCES&site=2000,https://www.gov.uk/importing-and-exporting-by-post,301,Closed,
http://www.ukwelcomes.businesslink.gov.uk/bdotg/action/detail?itemId=1083994372&type=RESOURCES&site=2000,https://www.gov.uk/online-and-distance-selling-for-businesses,301,Closed,
http://www.ukwelcomes.businesslink.gov.uk/bdotg/action/detail?itemId=1083994385&type=RESOURCES&site=2000,https://www.gov.uk/marketing-advertising-law,301,Closed,
http://www.ukwelcomes.businesslink.gov.uk/bdotg/action/detail?itemId=1083994401&type=RESOURCES&site=2000,https://www.gov.uk/uk-welcomes-business,301,Closed,
http://www.ukwelcomes.businesslink.gov.uk/bdotg/action/detail?itemId=1083994412&type=RESOURCES&site=2000,https://www.gov.uk/uk-welcomes-business,301,Closed,
http://www.ukwelcomes.businesslink.gov.uk/bdotg/action/detail?itemId=1083994422&type=RESOURCES&site=2000,https://www.gov.uk/uk-welcomes-business,301,Closed,
http://www.ukwelcomes.businesslink.gov.uk/bdotg/action/detail?itemId=1083994431&type=RESOURCES&site=2000,https://www.gov.uk/uk-welcomes-business,301,Closed,
http://www.ukwelcomes.businesslink.gov.uk/bdotg/action/detail?itemId=1083994437&type=RESOURCES&site=2000,,410,Closed,http://www.thebfa.org/
http://www.ukwelcomes.businesslink.gov.uk/bdotg/action/detail?itemId=1083994456&type=RESOURCES&site=2000,https://www.gov.uk/browse/justice,301,Closed,
http://www.ukwelcomes.businesslink.gov.uk/bdotg/action/detail?itemId=1083994526&type=CASE%20STUDIES&site=2000,https://www.gov.uk/uk-welcomes-business,301,Closed,
http://www.ukwelcomes.businesslink.gov.uk/bdotg/action/detail?itemId=1083994997&r.l1=1083987665&r.l2=1083987755&r.l3=1083988029&r.s=sc&site=2000&type=CASE%20STUDIES&site=2000,https://www.gov.uk/uk-welcomes-business,301,Closed,
http://www.ukwelcomes.businesslink.gov.uk/bdotg/action/detail?itemId=1083995312&type=RESOURCES&site=2000,https://www.gov.uk/invoicing-and-taking-payment-from-customers,301,Closed,
http://www.ukwelcomes.businesslink.gov.uk/bdotg/action/detail?itemId=1083995315&type=RESOURCES&site=2000,https://www.gov.uk/invoicing-and-taking-payment-from-customers,301,Closed,
http://www.ukwelcomes.businesslink.gov.uk/bdotg/action/detail?itemId=1083995340&type=RESOURCES&site=2000,https://www.gov.uk/invoicing-and-taking-payment-from-customers,301,Closed,
http://www.ukwelcomes.businesslink.gov.uk/bdotg/action/detail?itemId=1083995352&type=RESOURCES&site=2000,https://www.gov.uk/invoicing-and-taking-payment-from-customers,301,Closed,
http://www.ukwelcomes.businesslink.gov.uk/bdotg/action/detail?itemId=1083995363&type=RESOURCES&site=2000,https://www.gov.uk/invoicing-and-taking-payment-from-customers,301,Closed,
http://www.ukwelcomes.businesslink.gov.uk/bdotg/action/detail?itemId=1083995377&type=RESOURCES&site=2000,https://www.gov.uk/invoicing-and-taking-payment-from-customers,301,Closed,
http://www.ukwelcomes.businesslink.gov.uk/bdotg/action/detail?itemId=1084033181&type=RESOURCES&site=2000,,410,Closed,
http://www.ukwelcomes.businesslink.gov.uk/bdotg/action/detail?itemId=1084111395&r.l1=1083987665&r.l2=1083987745&r.l3=1083987894&r.s=sc&site=2000&type=RESOURCES&site=2000,https://www.gov.uk/business-finance-support-finder,301,Closed,
http://www.ukwelcomes.businesslink.gov.uk/bdotg/action/detail?itemId=1088155496&r.i=1088155530&r.l1=1083987665&r.l2=1083987775&r.l3=1083987859&r.s=m&r.t=RESOURCES&site=2000&type=RESOURCES&site=2000,https://www.gov.uk/selling-your-business-your-responsibilities,301,Closed,
http://www.ukwelcomes.businesslink.gov.uk/bdotg/action/detail?itemId=1088155530&r.i=1088155496&r.l1=1083987665&r.l2=1083987775&r.l3=1083987859&r.s=m&r.t=RESOURCES&site=2000&type=RESOURCES&site=2000,https://www.gov.uk/selling-your-business-your-responsibilities,301,Closed,
http://www.ukwelcomes.businesslink.gov.uk/bdotg/action/detail?itemId=1096636689&type=RESOURCES&site=2000,https://www.gov.uk/uk-welcomes-business,301,Closed,
http://www.ukwelcomes.businesslink.gov.uk/bdotg/action/layer?r.l1=1083987665&r.l2=1083987745&r.s=sm&site=2000&topicId=1083987894&site=2000,https://www.gov.uk/business-finance-support-finder,301,Closed,
http://www.ukwelcomes.businesslink.gov.uk/bdotg/action/layer?r.l1=1083987665&r.l2=1083987775&r.s=tl&site=2000&topicId=1083987859&site=2000,https://www.gov.uk/selling-your-business-your-responsibilities,301,Closed,
http://www.ukwelcomes.businesslink.gov.uk/bdotg/action/layer?r.l1=1083987667&r.l2=1083987763&r.s=sm&site=2000&topicId=1083987840&site=2000,,410,Closed,http://www.electoralcommission.org.uk/
http://www.ukwelcomes.businesslink.gov.uk/bdotg/action/layer?r.l1=1083987667&r.l2=1083987763&r.s=sm&site=2000&topicId=1083987921&site=2000,https://www.gov.uk/understand-how-your-council-works/types-of-council,301,Closed,
http://www.ukwelcomes.businesslink.gov.uk/bdotg/action/layer?r.l1=1083987667&r.l2=1083987765&r.s=sm&site=2000&topicId=1083987909&site=2000,https://www.gov.uk/browse/education,301,Closed,
http://www.ukwelcomes.businesslink.gov.uk/bdotg/action/layer?topicId=1083987781&site=2000,https://www.gov.uk/uk-welcomes-business,301,Closed,
http://www.ukwelcomes.businesslink.gov.uk/bdotg/action/layer?topicId=1083987786&site=2000,https://www.gov.uk/uk-visa-sponsorship-employers/before-you-can-sponsor-an-employee,301,Closed,
http://www.ukwelcomes.businesslink.gov.uk/bdotg/action/layer?topicId=1083987793&site=2000,,410,Closed,http://www.hse.gov.uk/simple-health-safety/get.htm
http://www.ukwelcomes.businesslink.gov.uk/bdotg/action/layer?topicId=1083987800&site=2000,https://www.gov.uk/starting-up-a-business,301,Closed,
http://www.ukwelcomes.businesslink.gov.uk/bdotg/action/layer?topicId=1083987804&site=2000,,410,Closed,
http://www.ukwelcomes.businesslink.gov.uk/bdotg/action/layer?topicId=1083987808&site=2000,,410,Closed,
http://www.ukwelcomes.businesslink.gov.uk/bdotg/action/layer?topicId=1083987811&site=2000,https://www.gov.uk/weights-measures-and-packaging-the-law,410,Closed,
http://www.ukwelcomes.businesslink.gov.uk/bdotg/action/layer?topicId=1083987814&site=2000,https://www.gov.uk/business-finance-explained,301,Closed,
http://www.ukwelcomes.businesslink.gov.uk/bdotg/action/layer?topicId=1083987821&site=2000,https://www.gov.uk/uk-welcomes-business,301,Closed,
http://www.ukwelcomes.businesslink.gov.uk/bdotg/action/layer?topicId=1083987824&site=2000,,410,Closed,http://cimmarketingexpert.co.uk/
http://www.ukwelcomes.businesslink.gov.uk/bdotg/action/layer?topicId=1083987827&site=2000,,410,Closed,
http://www.ukwelcomes.businesslink.gov.uk/bdotg/action/layer?topicId=1083987831&site=2000,,410,Closed,
http://www.ukwelcomes.businesslink.gov.uk/bdotg/action/layer?topicId=1083987834&site=2000,https://www.gov.uk/register-as-an-overseas-company,301,Closed,
http://www.ukwelcomes.businesslink.gov.uk/bdotg/action/layer?topicId=1083987837&site=2000,,410,Closed,http://www.cips.org/en-GB/
http://www.ukwelcomes.businesslink.gov.uk/bdotg/action/layer?topicId=1083987849&site=2000,,410,Closed,
http://www.ukwelcomes.businesslink.gov.uk/bdotg/action/layer?topicId=1083987856&site=2000,https://www.gov.uk/browse/justice,301,Closed,
http://www.ukwelcomes.businesslink.gov.uk/bdotg/action/layer?topicId=1083987862&site=2000,http://www.hse.gov.uk/,301,Closed,
http://www.ukwelcomes.businesslink.gov.uk/bdotg/action/layer?topicId=1083987865&site=2000,https://www.gov.uk/managing-your-waste-an-overview,301,Closed,
http://www.ukwelcomes.businesslink.gov.uk/bdotg/action/layer?topicId=1083987868&site=2000,https://www.gov.uk/uk-welcomes-business,301,Closed,
http://www.ukwelcomes.businesslink.gov.uk/bdotg/action/layer?topicId=1083987883&site=2000,https://www.gov.uk/uk-welcomes-business,301,Closed,
http://www.ukwelcomes.businesslink.gov.uk/bdotg/action/layer?topicId=1083987885&site=2000,https://www.gov.uk/uk-welcomes-business,301,Closed,
http://www.ukwelcomes.businesslink.gov.uk/bdotg/action/layer?topicId=1083987927&site=2000,,410,Closed,http://www.ons.gov.uk/ons/index.html
http://www.ukwelcomes.businesslink.gov.uk/bdotg/action/layer?topicId=1083987930&site=2000,https://www.gov.uk/capital-allowances,301,Closed,
http://www.ukwelcomes.businesslink.gov.uk/bdotg/action/layer?topicId=1083987933&site=2000,,410,Closed,
http://www.ukwelcomes.businesslink.gov.uk/bdotg/action/layer?topicId=1083987936&site=2000,https://www.gov.uk/product-labelling-the-law,410,Closed,
http://www.ukwelcomes.businesslink.gov.uk/bdotg/action/layer?topicId=1083987939&site=2000,https://www.gov.uk/intellectual-property-an-overview,301,Closed,
http://www.ukwelcomes.businesslink.gov.uk/bdotg/action/layer?topicId=1083987944&site=2000,https://www.gov.uk/uk-welcomes-business,301,Closed,
http://www.ukwelcomes.businesslink.gov.uk/bdotg/action/layer?topicId=1083987947&site=2000,,410,Closed,
http://www.ukwelcomes.businesslink.gov.uk/bdotg/action/layer?topicId=1083987953&site=2000,,410,Closed,http://cimmarketingexpert.co.uk/
http://www.ukwelcomes.businesslink.gov.uk/bdotg/action/layer?topicId=1083987956&site=2000,https://www.gov.uk/paye-for-employers,301,Closed,
http://www.ukwelcomes.businesslink.gov.uk/bdotg/action/layer?topicId=1083987959&site=2000,,410,Closed,
http://www.ukwelcomes.businesslink.gov.uk/bdotg/action/layer?topicId=1083987962&site=2000,https://www.gov.uk/late-commercial-payments-interest-debt-recovery,301,Closed,
http://www.ukwelcomes.businesslink.gov.uk/bdotg/action/layer?topicId=1083987965&site=2000,,410,Closed,http://www.itdonut.co.uk
http://www.ukwelcomes.businesslink.gov.uk/bdotg/action/layer?topicId=1083987976&site=2000,,410,Closed,http://www.itdonut.co.uk
http://www.ukwelcomes.businesslink.gov.uk/bdotg/action/layer?topicId=1083988024&site=2000,,410,Closed,
http://www.ukwelcomes.businesslink.gov.uk/bdotg/action/layer?topicId=1083988026&site=2000,,410,Closed,http://www.nhsdirect.nhs.uk/
http://www.ukwelcomes.businesslink.gov.uk/bdotg/action/layer?topicId=1083988029&site=2000,https://www.gov.uk/uk-welcomes-business,301,Closed,
http://www.ukwelcomes.businesslink.gov.uk/bdotg/action/layer?topicId=1083988047&site=2000,https://www.gov.uk/contract-types-and-employer-responsibilities,301,Closed,
http://www.ukwelcomes.businesslink.gov.uk/bdotg/action/layer?topicId=1083988051&site=2000,https://www.gov.uk/tendering-for-public-sector-contracts,301,Closed,
http://www.ukwelcomes.businesslink.gov.uk/bdotg/action/layer?topicId=1083988055&site=2000,https://www.gov.uk/which-finance-is-right-for-your-business,301,Closed,
http://www.ukwelcomes.businesslink.gov.uk/bdotg/action/layer?topicId=1083988074&site=2000,https://www.gov.uk/business-legal-structures,301,Closed,
http://www.ukwelcomes.businesslink.gov.uk/bdotg/action/layer?topicId=1083988086&site=2000,https://www.gov.uk/uk-welcomes-business,301,Closed,
http://www.ukwelcomes.businesslink.gov.uk/bdotg/action/layer?topicId=1083988089&site=2000,https://www.gov.uk/uk-welcomes-business,301,Closed,
http://www.ukwelcomes.businesslink.gov.uk/bdotg/action/layer?topicId=1083988136&site=2000,https://www.gov.uk/invoicing-and-taking-payment-from-customers,301,Closed,
